﻿<parameters>
  <parameter name="IIS Web Application Name" defaultValue="Default Web Site/HotelManagement_deploy" tags="IisApp">
    <parameterEntry kind="ProviderPath" scope="IisApp" match="^D:\\Do\ An\\firefly-hrm\\hotel\ management_booking\\HotelManagement\\HotelManagement\\obj\\Debug\\Package\\PackageTmp$" />
    <parameterEntry kind="ProviderPath" scope="setAcl" match="^D:\\Do\ An\\firefly-hrm\\hotel\ management_booking\\HotelManagement\\HotelManagement\\obj\\Debug\\Package\\PackageTmp$" />
  </parameter>
  <parameter name="ApplicationServices-Web.config Connection String" description="ApplicationServices Connection String used in web.config by the application to access the database." defaultValue="data source=.\SQLEXPRESS;Integrated Security=SSPI;AttachDBFilename=|DataDirectory|\aspnetdb.mdf;User Instance=true" tags="SqlConnectionString">
    <parameterEntry kind="XmlFile" scope="D:\\Do\ An\\firefly-hrm\\hotel\ management_booking\\HotelManagement\\HotelManagement\\obj\\Debug\\Package\\PackageTmp\\Web\.config$" match="/configuration/connectionStrings/add[@name='ApplicationServices']/@connectionString" />
  </parameter>
  <parameter name="DavidDucHotelConnectionString-Web.config Connection String" description="DavidDucHotelConnectionString Connection String used in web.config by the application to access the database." defaultValue="Data Source=ANHTUNG;Initial Catalog=DavidDucHotel;Integrated Security=True" tags="SqlConnectionString">
    <parameterEntry kind="XmlFile" scope="D:\\Do\ An\\firefly-hrm\\hotel\ management_booking\\HotelManagement\\HotelManagement\\obj\\Debug\\Package\\PackageTmp\\Web\.config$" match="/configuration/connectionStrings/add[@name='DavidDucHotelConnectionString']/@connectionString" />
  </parameter>
</parameters>